Factor A;Factor B;Seed set;Leaf mass
1;1;2.134231665;1.9
1;1;3.457946359;2.9
1;1;3.422595438;2.8
1;1;4.891053071;3.8
1;2;3.311768446;2.7
1;2;4.096792968;3.1
1;2;3.479467183;2.9
1;2;3.561129177;3.1
2;1;2.120378291;2.7
2;1;1.339311876;2.1
2;1;3.702181711;3.9
2;1;3.10726626;3.4
2;2;1.067521874;2.2
2;2;2.674513247;3.1
2;2;3.41951691;3.8
2;2;2.314325525;3.2
